adjective;Frame_realisation;Frame_frequency
royal;SUJ:NP;1
allaitant;SUJ:NP;2
recyclable;SUJ:NP;1
nombreux;SUJ:NP,P-OBJ:VPinf[à];2
nombreux;SUJ:NP;62
nombreux;SUJ:NP,P-OBJ:PP[parmi];1
nombreux;SUJ:NP,P-OBJ:PP[loc];1
nombreux;SUJ:NP,P-OBJ:PP[de];1
indien;SUJ:NP;10
statutaire;SUJ:NP;2
suivant;SUJ:NP;25
décontracté;SUJ:NP;1
fébrile;SUJ:NP;2
débordé;SUJ:NP;1
berrichon;SUJ:NP;1
innocent;SUJ:NP;2
graduel;SUJ:NP;1
lorrain;SUJ:NP;3
omnipotent;SUJ:NP;1
houiller;SUJ:NP;1
nuisible;SUJ:NP,P-OBJ:PP[pour];1
bateau;SUJ:NP;1
cumulatif;SUJ:NP;3
cumulatif;SUJ:NP,P-OBJ:PP[sur];1
patent;SUJ:NP;1
constructif;SUJ:NP;2
âpre;SUJ:NP;2
légumier;SUJ:NP;1
entretenu;SUJ:NP;1
nuancé;SUJ:NP;2
élaboré;SUJ:NP;1
centralisateur;SUJ:NP;1
normal;SUJ:Ssub[que];1
normal;SUJ:NP;15
dévalorisant;SUJ:NP;1
exploitant;SUJ:NP;1
distinct;SUJ:NP;3
inconditionnel;SUJ:NP;1
unilatéral;SUJ:NP;8
inhabité;SUJ:NP;2
inexistant;SUJ:NP;2
inattaquable;SUJ:NP;1
ledit;SUJ:NP;7
constructible;SUJ:NP;1
précaire;SUJ:NP;1
compliqué;SUJ:NP;5
impromptu;SUJ:NP;1
dépourvu;SUJ:NP;1
dépourvu;SUJ:NP,P-OBJ:PP[de];3
dynamique;SUJ:NP,P-OBJ:PP[depuis];1
dynamique;SUJ:NP;7
égoïste;SUJ:NP,OBJ:VPinf[V];1
identique;SUJ:NP;9
identique;SUJ:NP,P-OBJ:PP[à];4
payé;SUJ:NP;1
polluant;SUJ:NP;2
rédactionnel;SUJ:NP;3
douloureux;SUJ:NP;9
pakistanais;SUJ:NP;1
soufflé;SUJ:NP;1
imbécile;SUJ:NP;1
croissant;SUJ:NP;32
riche;SUJ:NP;17
riche;SUJ:NP,P-OBJ:PP[en];5
exempt;SUJ:NP,P-OBJ:PP[de];3
sanitaire;SUJ:NP;1
organisé;SUJ:NP;3
routier;SUJ:NP;13
virulent;SUJ:NP;2
acquis;SUJ:NP;4
acquis;SUJ:SsubI[que];1
acquis;SUJ:NP,P-OBJ:PP[à];1
finnois;SUJ:NP;1
infime;SUJ:NP;1
chinois;SUJ:NP;22
larvé;SUJ:NP;2
stagnant;SUJ:NP;1
métropolitain;SUJ:NP;2
faux;SUJ:NP;7
chaleureux;SUJ:NP;1
prompt;SUJ:NP,P-OBJ:VPinf[à];1
heureux;SUJ:NP,P-OBJ:PP[à],P-OBJ:VPinf[de];1
heureux;SUJ:NP;7
moribond;SUJ:NP;1
avare;SUJ:NP,P-OBJ:PP[de];1
semblable;SUJ:NP,P-OBJ:PP[à];3
semblable;SUJ:NP,P-OBJ:PP[dans];1
dirigeant;SUJ:NP;3
lié;SUJ:NP;2
éditorial;SUJ:NP;3
philippin;SUJ:NP;1
flatteur;SUJ:NP;4
coopératif;SUJ:NP;5
sage;SUJ:NP;6
farouche;SUJ:NP;1
restrictif;SUJ:NP;10
franchisé;SUJ:NP;1
créatif;SUJ:NP;3
moteur;SUJ:NP;2
pragois;SUJ:NP;1
plastique;SUJ:NP;6
connu;SUJ:NP;8
champion;SUJ:NP;2
charitable;SUJ:NP;1
critique;SUJ:NP;4
éducatif;SUJ:NP;3
contraire;SUJ:NP;6
contraire;SUJ:NP,P-OBJ:PP[à];4
annuel;SUJ:NP;65
vertigineux;SUJ:NP;3
fouillé;SUJ:NP;1
involontaire;SUJ:NP;4
déferlant;SUJ:NP;1
souriant;SUJ:NP;1
annexe;SUJ:NP;6
prohibitif;SUJ:NP;2
bonapartiste;SUJ:NP;1
avantageux;SUJ:NP;7
approprié;SUJ:NP;3
approprié;SUJ:NP,P-OBJ:PP[à];1
adéquat;SUJ:NP;2
unitaire;SUJ:NP;3
boursier;SUJ:NP;21
commercial;SUJ:NP;59
privilégié;SUJ:NP;9
postérieur;SUJ:NP,P-OBJ:PP[à];1
révolu;SUJ:NP;1
insoupçonné;SUJ:NP;1
inflexible;SUJ:NP;1
impératif;SUJ:NP;1
impératif;SUJ:VPinf[de];1
acharné;SUJ:NP;5
locatif;SUJ:NP;3
fictif;SUJ:NP;1
structurel;SUJ:NP;21
informatique;SUJ:NP;15
ruineux;SUJ:NP;1
ruineux;SUJ:VPinf[de];1
concurrentiel;SUJ:NP;4
égalitaire;SUJ:NP;1
toxique;SUJ:NP;1
multiforme;SUJ:NP;1
meunier;SUJ:NP;1
rond;SUJ:NP;2
olympique;SUJ:NP;1
enfantin;SUJ:NP;1
indolore;SUJ:NP;1
haut en couleur;SUJ:NP;1
interbancaire;SUJ:NP;1
éthique;SUJ:NP;1
merveilleux;SUJ:NP;2
japonais;SUJ:NP;76
parallèle;SUJ:NP;4
net de;SUJ:NP;2
germano-britannique;SUJ:NP;1
coûteux;SUJ:NP;24
coûteux;SUJ:NP,P-OBJ:PP[pour];1
coûteux;SUJ:NP,P-OBJ:PP[en];1
coûteux;SUJ:NP,P-OBJ:PP[à];1
végétal;SUJ:NP;3
libéré;SUJ:NP;1
clair;SUJ:NP;18
clair;SUJ:SsubI[que];2
malvenu;SUJ:NP;2
épique;SUJ:NP;1
originaire;SUJ:NP;1
originaire;SUJ:NP,P-OBJ:PP[de];2
vierge;SUJ:NP;1
restreint;SUJ:NP;5
restreint;SUJ:NP,P-OBJ:PP[de];1
sud-coréen;SUJ:NP;1
marron;SUJ:NP;1
obligatoire;SUJ:NP;12
obligatoire;SUJ:NP,P-OBJ:PP[dans];1
obligatoire;SUJ:NP,P-OBJ:PP[à];1
inégalé;SUJ:NP;1
esthétique;SUJ:NP;3
volumineux;SUJ:NP;1
idéal;SUJ:NP;7
solide;SUJ:NP,P-OBJ:VPinf[de];1
solide;SUJ:NP;15
invitant;SUJ:NP;1
noir et blanc;SUJ:NP;1
explosif;SUJ:NP;1
aérien;SUJ:NP;5
inhabituel;SUJ:NP;5
ludique;SUJ:NP;1
minier;SUJ:NP;5
côtier;SUJ:NP;2
marquant;SUJ:NP;4
même;SUJ:NP;130
corruptible;SUJ:NP;1
pudique;SUJ:NP;2
éloigné;SUJ:NP;2
éloigné;SUJ:NP,P-OBJ:PP[de];2
tronqué;SUJ:NP;2
éventuelle;SUJ:NP;12
fugace;SUJ:NP;1
de faveur;SUJ:NP;1
clés en main;SUJ:NP;1
mondial;SUJ:NP;119
frontalier;SUJ:NP;1
quitte;SUJ:NP;3
minuscule;SUJ:NP;3
imputable;SUJ:NP;1
imputable;SUJ:NP,P-OBJ:PP[à];1
imputable;SUJ:NP,P-OBJ:PP[de];1
mobilisateur;SUJ:NP;1
blond;SUJ:NP;1
préjudiciable;SUJ:NP;1
préjudiciable;SUJ:NP,P-OBJ:PP[à];1
monétaire;SUJ:NP;90
arctique;SUJ:NP;1
réutilisable;SUJ:NP;1
formateur;SUJ:NP;2
vilain;SUJ:NP;1
préférable;SUJ:NP;1
préférable;SUJ:VPinf[de];2
fini;SUJ:NP;1
vigoureux;SUJ:NP;8
écossais;SUJ:NP;1
terne;SUJ:NP;2
irrégulier;SUJ:NP;1
luxueux;SUJ:NP;2
prédominant;SUJ:NP;1
tapageur;SUJ:NP;1
jeune;SUJ:NP;35
incongru;SUJ:NP;1
hésitant;SUJ:NP;1
alléchant;SUJ:NP;3
général;SUJ:NP;75
actif;SUJ:NP;19
affecté;SUJ:NP;2
fédéral;SUJ:NP;22
réjouissant;SUJ:NP;1
inflationniste;SUJ:NP;12
inflationniste;SUJ:NP,P-OBJ:PP[de];1
insoluble;SUJ:NP;1
confiturier;SUJ:NP;1
grandiloquent;SUJ:NP;1
volontariste;SUJ:NP;5
chiffré;SUJ:NP;3
chiffré;SUJ:NP,P-OBJ:PP[à];1
prévu;SUJ:NP;3
prévu;SUJ:NP,P-OBJ:PP[par];1
immédiat;SUJ:NP;13
saisonnier;SUJ:NP;5
pénible;SUJ:NP;1
oriental;SUJ:NP;10
somptuaire;SUJ:NP;1
hydraulique;SUJ:NP;1
manifeste;SUJ:NP;1
manifeste;SUJ:NP,P-OBJ:PP[chez];1
impuissant;SUJ:NP,P-OBJ:PP[à];1
analogue;SUJ:NP,P-OBJ:PP[à];2
analogue;SUJ:NP;1
glorieux;SUJ:NP;1
quelconque;SUJ:NP;2
stand-by;SUJ:NP;2
féroce;SUJ:NP;2
hypothécable;SUJ:NP;1
central;SUJ:NP;23
arrière;SUJ:NP;3
poupin;SUJ:NP;1
stratégique;SUJ:NP;18
voisin;SUJ:NP;14
voisin;SUJ:NP,P-OBJ:PP[de];5
incompatible;SUJ:NP;2
incompatible;SUJ:NP,P-OBJ:PP[avec];1
feutré;SUJ:NP;1
avoisinant;SUJ:NP;2
obstiné;SUJ:NP;1
désastreux;SUJ:NP;9
ami;SUJ:NP;1
peuplé;SUJ:NP;2
religieux;SUJ:NP;3
théorique;SUJ:NP;4
enthousiaste;SUJ:NP;1
magyar;SUJ:NP;1
rompre;SUJ:NP;1
sud;SUJ:NP;4
masculin;SUJ:NP;2
victime;SUJ:NP,P-OBJ:PP[de];5
récurrent;SUJ:NP;5
participatif;SUJ:NP;1
participatif;SUJ:NP,P-OBJ:PP[dans];1
unanimiste;SUJ:NP;1
portugais;SUJ:NP;5
économiste;SUJ:NP;2
tentaculaire;SUJ:NP;1
kilométrique;SUJ:NP;2
restant;SUJ:NP;5
participant;SUJ:NP;1
illusoire;SUJ:NP;2
démuni;SUJ:NP;2
nouveau;SUJ:NP,P-OBJ:VPinf[de];1
nouveau;SUJ:NP;499
sobre;SUJ:NP;1
diversifié;SUJ:NP;1
fonctionnel;SUJ:NP;2
destructeur;SUJ:NP,P-OBJ:PP[de];1
las;SUJ:NP,P-OBJ:PP[de];1
grandeur nature;SUJ:NP;1
pluraliste;SUJ:NP;1
chaotique;SUJ:NP;2
automobile;SUJ:NP;19
ultime;SUJ:NP;9
coté;SUJ:NP;2
coté;SUJ:NP,P-OBJ:PP[en];1
affairé;SUJ:NP;1
pressé;SUJ:NP;1
sous-japonais;SUJ:NP;1
marocain;SUJ:NP;2
minime;SUJ:NP;3
domestique;SUJ:NP;11
à long terme;SUJ:NP;6
prématuré;SUJ:NP;2
prématuré;SUJ:VPinf[de];1
influent;SUJ:NP;4
identifié;SUJ:NP;1
inexact;SUJ:NP,P-OBJ:VPinf[de];1
inexact;SUJ:NP;2
intransigeant;SUJ:NP;1
obligataire;SUJ:NP;7
défaillant;SUJ:NP;2
anormal;SUJ:NP;2
anormal;SUJ:VPinf[de];1
latéral;SUJ:NP;1
réunionnais;SUJ:NP;2
mexicain;SUJ:NP;16
mathématique;SUJ:NP;1
confus;SUJ:NP;3
impossible;SUJ:NP,P-OBJ:VPinf[à];3
impossible;SUJ:NP;7
impossible;SUJ:VPinf[de];2
social;SUJ:NP;145
socio-économiques;SUJ:NP;1
effectif;SUJ:NP;13
flamand;SUJ:NP;2
tentant;SUJ:NP;1
compétitif;SUJ:NP;23
utile;SUJ:NP;10
utile;SUJ:VPinf[de];2
utile;SUJ:NP,P-OBJ:PP[à];2
paradoxal;SUJ:NP;6
obsolète;SUJ:NP;1
pourfendeur;SUJ:NP,P-OBJ:PP[de];1
mode;SUJ:NP;1
appréciable;SUJ:NP;4
contemporain;SUJ:NP;2
portable;SUJ:NP;3
communiste;SUJ:NP;8
partagé;SUJ:NP;1
inutilisable;SUJ:NP;1
astronomique;SUJ:NP;1
accidentel;SUJ:NP;1
malin;SUJ:NP;2
âgé;SUJ:NP;4
âgé;SUJ:NP,P-OBJ:PP[de];6
algérien;SUJ:NP;3
variable;SUJ:NP;5
indésirable;SUJ:NP;1
indéfini;SUJ:NP;2
adopté;SUJ:NP;1
illimité;SUJ:NP;1
translucide;SUJ:NP;1
déterminé;SUJ:NP;3
véritable;SUJ:NP;64
véritable;SUJ:NP,P-OBJ:PP[de];1
aveuglant;SUJ:NP;1
cohérent;SUJ:NP;2
cohérent;SUJ:NP,P-OBJ:PP[avec];1
polonais;SUJ:NP;11
remarquable;SUJ:NP;7
trois cent mille;SUJ:NP;1
dépassé;SUJ:NP;2
douteux;SUJ:NP;3
éclair;SUJ:NP;1
suspect;SUJ:NP;2
tissu;SUJ:NP;1
concret;SUJ:NP;13
homogène;SUJ:NP;1
froid;SUJ:NP;2
bas;SUJ:NP;65
bas;SUJ:NP,P-OBJ:PP[à];1
texan;SUJ:NP;4
décoré;SUJ:NP;1
illicite;SUJ:NP;1
pervers;SUJ:NP;6
pratique;SUJ:NP;6
violent;SUJ:NP;7
multinational;SUJ:NP;2
inutile;SUJ:NP,P-OBJ:VPinf[de];1
inutile;SUJ:NP;6
inutile;SUJ:VPinf[de];3
incessant;SUJ:NP;5
respectif;SUJ:NP;10
frigorifique;SUJ:NP;2
inébranlable;SUJ:NP;1
horizontal;SUJ:NP;1
flamboyant;SUJ:NP;4
partiel;SUJ:NP;20
descendant;SUJ:NP;2
israélo-arabe;SUJ:NP;1
rhénan;SUJ:NP;2
intermédiaire;SUJ:NP;8
inconnu;SUJ:NP;2
inconnu;SUJ:NP,P-OBJ:PP[à];1
franc;SUJ:NP;3
libéral;SUJ:NP;9
pointilleux;SUJ:NP,P-OBJ:PP[jusqu'à];1
spécialisé;SUJ:NP,P-OBJ:PP[par];2
spécialisé;SUJ:NP;17
spécialisé;SUJ:NP,P-OBJ:PP[dans];2
prêteur;SUJ:NP;2
mixte;SUJ:NP;11
détenteur;SUJ:NP,P-OBJ:PP[de];2
multilatéral;SUJ:NP;6
improductif;SUJ:NP;1
fréquentable;SUJ:NP;1
idéologique;SUJ:NP;3
littoral;SUJ:NP;2
brouillon;SUJ:NP;1
américain;SUJ:NP;239
ophtalmologique;SUJ:NP;1
chaud;SUJ:NP;7
feint;SUJ:NP;1
faible;SUJ:NP;69
faible;SUJ:NP,P-OBJ:PP[en];1
corrigé;SUJ:NP;6
bruxellois;SUJ:NP;2
complaisant;SUJ:NP;1
codé;SUJ:NP;2
dense;SUJ:NP;2
funeste;SUJ:NP;2
de base;SUJ:NP;23
incorrect;SUJ:NP;1
mitigé;SUJ:NP;3
idiot;SUJ:NP;1
cubain;SUJ:NP;2
parti;SUJ:NP;1
climatique;SUJ:NP;1
familial;SUJ:NP;29
gouvernemental;SUJ:NP;11
minéral;SUJ:NP;1
inoccupé;SUJ:NP;1
actuel;SUJ:NP;85
catégorique;SUJ:NP;1
étiolé;SUJ:NP;1
coréen;SUJ:NP;4
mosellan;SUJ:NP;2
pire;SUJ:NP;8
pire;SUJ:NP,OBJ:Ssub[que];1
agroalimentaire;SUJ:NP;15
temporel;SUJ:NP;1
maximum;SUJ:NP;7
passible;SUJ:NP,P-OBJ:PP[de];2
déplacé;SUJ:NP;1
uniforme;SUJ:NP;1
aventureux;SUJ:NP;3
censé;SUJ:NP;3
dialectique;SUJ:NP;1
correcteur;SUJ:NP;1
salarial;SUJ:NP;23
illustre;SUJ:NP;1
passif;SUJ:NP;2
lillois;SUJ:NP;1
comptant;SUJ:NP;2
situé;SUJ:NP;1
situé;SUJ:NP,P-OBJ:PP[dans];1
situé;SUJ:NP,P-OBJ:PP[à];1
situé;SUJ:NP,P-OBJ:PP[de];1
houleux;SUJ:NP;1
moderniste;SUJ:NP;1
détenu;SUJ:NP;1
exposé;SUJ:NP;1
rituel;SUJ:NP;1
dévoué;SUJ:NP,P-OBJ:PP[à];1
hostile;SUJ:NP;6
hostile;SUJ:NP,P-OBJ:PP[à];4
supérieur;SUJ:NP,P-OBJ:PP[de],P-OBJ:PP[à];1
supérieur;SUJ:NP,P-OBJ:PP[à];39
supérieur;SUJ:NP;20
supérieur;SUJ:NP,P-OBJ:PP[de];1
dépendant;SUJ:NP;4
dépendant;SUJ:NP,P-OBJ:PP[de];4
suivi;SUJ:NP;1
irréalisable;SUJ:NP;1
autre;SUJ:NP;112
autre;SUJ:NP,OBJ:Ssub[que];5
cultivable;SUJ:NP;2
respectueux;SUJ:NP,P-OBJ:PP[de];1
associatif;SUJ:NP;1
intéressant;SUJ:NP;8
intéressant;SUJ:VPinf[de];2
intéressant;SUJ:NP,P-OBJ:PP[à];1
compris;SUJ:NP;5
compris;SUJ:NP,P-OBJ:PP[entre];3
installé;SUJ:NP;1
indispensable;SUJ:NP,P-OBJ:VPinf[pour];3
indispensable;SUJ:VPinf[de];1
indispensable;SUJ:NP;18
indispensable;SUJ:NP,P-OBJ:PP[face à];1
indispensable;SUJ:NP,P-OBJ:PP[à];6
indispensable;SUJ:SsubS[que];1
radiophonique;SUJ:NP;1
infrarouge;SUJ:NP;1
souple;SUJ:NP;4
charmeur;SUJ:NP;1
arrêté;SUJ:NP;1
racial;SUJ:NP;1
satisfaisant;SUJ:NP;14
satisfaisant;SUJ:NP,P-OBJ:PP[pour];1
satisfaisant;SUJ:NP,P-OBJ:PP[sur];1
matinal;SUJ:NP;1
indo-pakistanaises;SUJ:NP;1
brut;SUJ:NP;23
indissociable;SUJ:NP,P-OBJ:PP[de];1
mystérieux;SUJ:NP;2
promis;SUJ:NP;1
auxiliaire;SUJ:NP;1
rationnel;SUJ:NP;1
accru;SUJ:NP;9
expérimental;SUJ:NP;2
espacé;SUJ:NP;1
homographe;SUJ:NP;1
commun;SUJ:NP;41
commun;SUJ:NP,P-OBJ:PP[avec];2
commun;SUJ:NP,P-OBJ:PP[à];6
mère;SUJ:NP;1
subordonné;SUJ:NP;1
conscient;SUJ:NP,P-OBJ:VPinf[de];1
conscient;SUJ:NP,OBJ:SsubI[que];4
conscient;SUJ:NP;1
conscient;SUJ:NP,P-OBJ:PP[de];7
phytosanitaire;SUJ:NP;2
diffus;SUJ:NP;1
inexplicable;SUJ:NP;1
rétroactif;SUJ:NP;2
rétroactif;SUJ:NP,P-OBJ:PP[à];2
affaibli;SUJ:NP;1
risqué;SUJ:NP;3
franco-allemand;SUJ:NP;4
sacro-saint;SUJ:NP;2
byzantin;SUJ:NP;1
médiatique;SUJ:NP;4
ininterrompu;SUJ:NP;5
original;SUJ:NP;8
en fin de droits;SUJ:NP;1
technologique;SUJ:NP;9
syrien;SUJ:NP;4
orphelin;SUJ:NP,P-OBJ:PP[de];1
super;SUJ:NP;4
super;SUJ:NP,P-OBJ:PP[de];1
présent;SUJ:NP,P-OBJ:PP[sur];1
présent;SUJ:NP;22
présent;SUJ:NP,P-OBJ:PP[dans];7
présent;SUJ:NP,P-OBJ:PP[à];3
présent;SUJ:NP,P-OBJ:PP[en];2
confidentiel;SUJ:NP;3
vaste;SUJ:NP;16
ténu;SUJ:NP;4
filial;SUJ:NP;2
oléagineux;SUJ:NP;2
industrieux;SUJ:NP;1
crucial;SUJ:NP;3
tari;SUJ:NP;1
pourri;SUJ:NP;2
accompagné;SUJ:NP,P-OBJ:PP[de];1
spécial;SUJ:NP;16
univoque;SUJ:NP;1
initial;SUJ:NP;13
interminable;SUJ:NP;2
valable;SUJ:NP;4
valable;SUJ:NP,P-OBJ:PP[pour];1
multimédia;SUJ:NP;1
fameux;SUJ:NP;12
perspectif;SUJ:NP;3
exhaustif;SUJ:NP;2
sournois;SUJ:NP;2
continuel;SUJ:NP;1
hispanique;SUJ:NP;1
positif;SUJ:NP;36
de mauvais augure;SUJ:NP;1
nautique;SUJ:NP;1
infatigable;SUJ:NP;1
conjoncturel;SUJ:NP;17
prévisionnel;SUJ:NP;4
préoccupé;SUJ:NP,P-OBJ:PP[par];1
légendaire;SUJ:NP;2
florissant;SUJ:NP;6
boueux;SUJ:NP;1
fringant;SUJ:NP;1
hiérarchique;SUJ:NP;7
majoritaire;SUJ:NP;16
majoritaire;SUJ:NP,P-OBJ:PP[chez];2
indépendant;SUJ:NP;28
indépendant;SUJ:NP,P-OBJ:PP[de];4
triennal;SUJ:NP;1
type;SUJ:NP;1
condamné;SUJ:NP,P-OBJ:VPinf[à];1
cassé;SUJ:NP;2
vital;SUJ:NP;2
vital;SUJ:NP,P-OBJ:PP[pour];2
élever;SUJ:NP;2
féminin;SUJ:NP;8
coriace;SUJ:NP;1
péruvien;SUJ:NP;1
euro-américain;SUJ:NP;1
clientéliste;SUJ:NP;1
extensible;SUJ:NP;1
péroniste;SUJ:NP;1
sanglant;SUJ:NP;2
solennel;SUJ:NP;2
agrégé;SUJ:NP,P-OBJ:PP[de];1
statique;SUJ:NP;1
industrialisé;SUJ:NP;25
gourmand;SUJ:NP,P-OBJ:PP[de];1
diesel;SUJ:NP;1
possible;SUJ:NP,P-OBJ:PP[par];1
possible;SUJ:NP;36
possible;SUJ:VPinf[de];14
possible;SUJ:NP,P-OBJ:PP[entre];1
possible;SUJ:VPinf[de],P-OBJ:PP[à];1
énorme;SUJ:NP;20
énorme;SUJ:NP,P-OBJ:VPinf[pour];1
bovin;SUJ:NP;5
retraitée;SUJ:NP;1
marchand;SUJ:NP;11
agressif;SUJ:NP;5
secondaire;SUJ:NP;3
soutenu;SUJ:NP;3
languissant;SUJ:NP;2
sinistré;SUJ:NP;3
sinistré;SUJ:NP,P-OBJ:PP[après];1
bénéfique;SUJ:NP;3
intolérable;SUJ:NP;1
agréé;SUJ:NP;1
préférentiel;SUJ:NP;1
long;SUJ:NP,P-OBJ:VPinf[à];2
long;SUJ:NP;91
pangermanique;SUJ:NP;1
contrasté;SUJ:NP;1
perpétuel;SUJ:NP;1
soviétique;SUJ:NP;12
imminent;SUJ:NP;3
réservé;SUJ:NP;4
brésilien;SUJ:NP;5
méritoire;SUJ:NP;3
capable;SUJ:NP,P-OBJ:VPinf[de];18
capable;SUJ:NP;7
autarcique;SUJ:NP;1
demi;SUJ:NP;11
journalier;SUJ:NP;3
brusque;SUJ:NP;2
inscrit;SUJ:NP;1
inscrit;SUJ:NP,P-OBJ:PP[dans];2
rigide;SUJ:NP;1
conformiste;SUJ:NP;1
prometteur;SUJ:NP;4
progressif;SUJ:NP;17
syndicaliste;SUJ:NP;1
pléthorique;SUJ:NP;2
compensatoire;SUJ:NP;3
divers;SUJ:NP;18
vainqueur;SUJ:NP;1
militant;SUJ:NP;4
marketing;SUJ:NP;1
trimestriel;SUJ:NP;8
irremplaçable;SUJ:NP;1
rouge;SUJ:NP;2
éloquent;SUJ:NP;2
fin;SUJ:NP;3
hypersensible;SUJ:NP;1
réconfortant;SUJ:NP;2
architectural;SUJ:NP;1
immobilier;SUJ:NP;34
longue duré;SUJ:NP;2
pernicieux;SUJ:NP;1
sacro-saintes;SUJ:NP;1
habituel;SUJ:NP;11
habituel;SUJ:NP,P-OBJ:PP[en];1
chancelant;SUJ:NP;1
assis;SUJ:NP;1
piètre;SUJ:NP;1
clairsemé;SUJ:NP;1
créole;SUJ:NP;1
rural;SUJ:NP;15
totalitaire;SUJ:NP;1
limitatif;SUJ:NP;1
fiscal;SUJ:NP;26
évasif;SUJ:NP;1
incompréhensible;SUJ:NP;1
multiple;SUJ:NP;18
sous-jacent;SUJ:NP,P-OBJ:PP[à];1
consécutif;SUJ:NP;15
consécutif;SUJ:NP,P-OBJ:PP[à];5
habillé;SUJ:NP;2
radical;SUJ:NP;4
universel;SUJ:NP;2
second;SUJ:NP;1
terrible;SUJ:NP;4
normand;SUJ:NP;2
bon marché;SUJ:NP;4
apparenté;SUJ:NP;1
bancaire;SUJ:NP;36
poussé;SUJ:NP;1
insignifiant;SUJ:NP;2
tardif;SUJ:NP;4
estival;SUJ:NP;1
déflationniste;SUJ:NP;1
assuré;SUJ:NP;2
ancestral;SUJ:NP;1
absolu;SUJ:NP;8
méfiant;SUJ:NP,P-OBJ:PP[par];1
nord-américain;SUJ:NP;3
sec;SUJ:NP;2
machinal;SUJ:NP;1
comptable;SUJ:NP;3
indicatif;SUJ:NP;3
fluctuant;SUJ:NP;1
handicapé;SUJ:NP;1
plan;SUJ:NP;1
rugissant;SUJ:NP;1
malencontreux;SUJ:NP;1
dominant;SUJ:NP;3
indiscutable;SUJ:NP;1
écoulé;SUJ:NP;5
facile;SUJ:NP,P-OBJ:VPinf[à];2
facile;SUJ:VPinf[de];1
facile;SUJ:NP,P-OBJ:PP[de];2
facile;SUJ:NP;7
facile;SUJ:NP,P-OBJ:PP[loc];1
facile;SUJ:VPinf[de],P-OBJ:PP[à];1
verrier;SUJ:NP;2
hertzien;SUJ:NP;1
proportionnel;SUJ:NP,P-OBJ:PP[à];1
brillant;SUJ:NP;5
lugubre;SUJ:NP;1
interne;SUJ:NP;17
interne;SUJ:NP,P-OBJ:PP[à];3
plat;SUJ:NP;1
invraisemblable;SUJ:NP;1
soucieux;SUJ:NP,P-OBJ:VPinf[de];8
soucieux;SUJ:NP;2
soucieux;SUJ:VPinf[de];1
soucieux;SUJ:NP,P-OBJ:PP[de];4
double;SUJ:NP;21
dissident;SUJ:NP;1
calamiteux;SUJ:NP;3
calamiteux;SUJ:NP,P-OBJ:PP[pour];1
semestriel;SUJ:NP;8
marin;SUJ:NP;4
neutre;SUJ:NP;3
sucrier;SUJ:NP;4
motivant;SUJ:NP;1
couchant;SUJ:NP;1
rassurant;SUJ:NP;8
morose;SUJ:NP;7
interactif;SUJ:NP;1
syndiqué;SUJ:NP;1
grossier;SUJ:NP;1
statistique;SUJ:NP;3
saccadé;SUJ:NP;1
dernier;SUJ:NP;458
syndical;SUJ:NP;21
vendu;SUJ:NP;3
bucolique;SUJ:NP;1
corporel;SUJ:NP;1
tout entière;SUJ:NP;1
vieux;SUJ:NP;16
vieux;SUJ:NP,P-OBJ:PP[de];1
angulaire;SUJ:NP;1
cher;SUJ:NP;34
cher;SUJ:NP,P-OBJ:PP[en];1
cher;SUJ:NP,P-OBJ:PP[à];3
cher;SUJ:NP,P-OBJ:PP[sur];1
final;SUJ:NP;10
légal;SUJ:NP;5
cégétiste;SUJ:NP;2
versaillais;SUJ:NP;1
musclé;SUJ:NP;2
chômé;SUJ:NP;2
savoyard;SUJ:NP;1
récessionnistes;SUJ:NP;1
urbain;SUJ:NP;4
stérile;SUJ:NP;1
indéracinable;SUJ:NP;1
superbe;SUJ:NP;1
malade;SUJ:NP;5
malade;SUJ:NP,P-OBJ:PP[de];1
minimal;SUJ:NP;6
polémique;SUJ:NP;2
visitable;SUJ:NP;1
anticipé;SUJ:NP;4
miracle;SUJ:NP;3
net;SUJ:NP;60
phonographique;SUJ:NP;1
vaillant;SUJ:NP;1
décidé;SUJ:NP;1
décidé;SUJ:NP,P-OBJ:PP[en];1
vosgien;SUJ:NP;5
préparatoire;SUJ:NP;1
préparatoire;SUJ:NP,P-OBJ:PP[à];1
pétrochimique;SUJ:NP;2
publicitaire;SUJ:NP;16
incontournable;SUJ:NP;1
mis;SUJ:NP;1
nomade;SUJ:NP;2
doux;SUJ:NP;1
intelligent;SUJ:NP;1
rémunérateur;SUJ:NP;7
digne;SUJ:NP;1
digne;SUJ:NP,P-OBJ:PP[de];2
simplificateur;SUJ:NP;1
avenu;SUJ:NP;1
voilé;SUJ:NP;3
robusta;SUJ:NP;1
frugal;SUJ:NP;1
infructueux;SUJ:NP;3
réduit;SUJ:NP;12
réduit;SUJ:NP,P-OBJ:PP[à];1
réduit;SUJ:NP,P-OBJ:PP[loc];1
courte;SUJ:NP;1
réactif;SUJ:NP;1
cahotant;SUJ:NP;1
inédit;SUJ:NP;3
d'antan;SUJ:NP;1
horaire;SUJ:NP;3
gigantesque;SUJ:NP;4
sacrifié;SUJ:NP;1
inespéré;SUJ:NP;3
inespéré;SUJ:NP,P-OBJ:PP[pour];1
discret;SUJ:NP;4
élogieux;SUJ:NP;1
volubile;SUJ:NP;1
rusé;SUJ:NP;1
productiviste;SUJ:NP;2
déchu;SUJ:NP;1
virtuel;SUJ:NP;2
symptomatique;SUJ:NP,P-OBJ:PP[de];1
rectificatif;SUJ:NP;2
solidaire;SUJ:NP,P-OBJ:PP[dans],cl:me/OBJ;1
solidaire;SUJ:NP;4
solidaire;SUJ:NP,P-OBJ:PP[avec];1
amer;SUJ:NP;7
attendu;SUJ:NP;3
fabuleux;SUJ:NP;2
déplorable;SUJ:NP;1
catalan;SUJ:NP;2
génial;SUJ:NP;1
inexorable;SUJ:NP;5
colossal;SUJ:NP;2
inenvisageable;SUJ:NP;1
juif;SUJ:NP;1
considérable;SUJ:NP;20
sous-traitante;SUJ:NP;1
scandinave;SUJ:NP;1
mouvant;SUJ:NP;2
autoritaire;SUJ:NP;2
lyonnais;SUJ:NP;7
simple;SUJ:NP;43
conjoint;SUJ:NP;4
mineur;SUJ:NP;1
anodin;SUJ:NP;2
moderne;SUJ:NP;11
compatible;SUJ:NP;2
compatible;SUJ:NP,P-OBJ:PP[avec];3
turbulent;SUJ:NP;1
caduc;SUJ:NP;1
récalcitrant;SUJ:NP;1
immortel;SUJ:NP;1
sociologique;SUJ:NP;1
ciblé;SUJ:NP;2
conquérant;SUJ:NP;1
retrait;SUJ:NP;1
manufacturier;SUJ:NP;6
technique;SUJ:NP;43
technique;SUJ:NP,P-OBJ:PP[loc];1
bavarois;SUJ:NP;1
aztèque;SUJ:NP;1
répétée;SUJ:NP;1
temporaire;SUJ:NP;11
flagrant;SUJ:NP;4
pressant;SUJ:NP;2
partial;SUJ:NP;3
préoccupant;SUJ:NP;8
préoccupant;SUJ:NP,P-OBJ:PP[pour];1
vacant;SUJ:NP;3
pensif;SUJ:NP;1
minoritaire;SUJ:NP;11
donateur;SUJ:NP,P-OBJ:PP[de];1
direct;SUJ:NP;22
gazier;SUJ:NP;2
rose;SUJ:NP;2
opulent;SUJ:NP;1
capital;SUJ:NP;7
mignon;SUJ:NP;1
diurne;SUJ:NP;2
adjoint;SUJ:NP;10
maussade;SUJ:NP;1
irrésistible;SUJ:NP;4
réuni;SUJ:NP;2
varié;SUJ:NP;5
fiable;SUJ:NP;3
difficile;SUJ:NP,P-OBJ:VPinf[à];9
difficile;SUJ:VPinf[de];15
difficile;SUJ:VPinf[de],P-OBJ:PP[pour];1
difficile;SUJ:NP,P-OBJ:PP[de];1
difficile;SUJ:NP,P-OBJ:VPinf[de];2
difficile;SUJ:NP;58
difficile;SUJ:VPinf[de],P-OBJ:PP[à];1
difficile;SUJ:NP,P-OBJ:PP[à];1
difficile;SUJ:NP,P-OBJ:PP[pour];1
consensuel;SUJ:NP;2
entreprenant;SUJ:NP;1
irréaliste;SUJ:NP;4
scolaire;SUJ:NP;3
concomitant;SUJ:NP;1
notionnel;SUJ:NP;2
délabré;SUJ:NP;1
élu;SUJ:NP;2
rondelet;SUJ:NP;1
nocif;SUJ:NP;2
loti;SUJ:NP;1
extrême;SUJ:NP;5
croisé;SUJ:NP;5
inique;SUJ:NP;1
contrarié;SUJ:NP;1
sacré;SUJ:NP;4
archaïque;SUJ:NP;2
brûlant;SUJ:NP;3
tropical;SUJ:NP;3
patrimonial;SUJ:NP;4
grec;SUJ:NP;4
israélien;SUJ:NP;3
cathodique;SUJ:NP;2
opposé;SUJ:NP;2
réputé;SUJ:NP;2
réputé;SUJ:NP,P-OBJ:PP[pour];2
alsacien;SUJ:NP;2
miniature;SUJ:NP;5
délégatif;SUJ:NP;1
éberlué;SUJ:NP;1
communautaire;SUJ:NP;22
défavorisé;SUJ:NP;6
familier;SUJ:NP;2
silencieux;SUJ:NP;2
inévitable;SUJ:NP;10
inévitable;SUJ:SsubI[que];2
à part entière;SUJ:NP;1
nature;SUJ:NP;2
polyvalent;SUJ:NP;1
amorphe;SUJ:NP;1
extracommunautaire;SUJ:NP;1
ouvrier;SUJ:NP;12
habile;SUJ:NP;3
italien;SUJ:NP;98
irrécouvrable;SUJ:NP;1
injuste;SUJ:NP;1
fervent;SUJ:NP;1
exemplaire;SUJ:NP;5
exemplaire;SUJ:NP,P-OBJ:PP[de];1
uni;SUJ:NP,P-OBJ:PP[par];1
offshore;SUJ:NP;2
acceptable;SUJ:NP;7
acceptable;SUJ:VPinf[de];1
fédéraliste;SUJ:NP;1
angoissant;SUJ:NP;1
modeste;SUJ:NP;19
passé;SUJ:NP;30
girondin;SUJ:NP;1
réticent;SUJ:NP;3
réticent;SUJ:NP,P-OBJ:PP[à];1
bête;SUJ:NP;2
vieil;SUJ:NP;5
étroit;SUJ:NP;16
étroit;SUJ:NP,P-OBJ:VPinf[pour];1
inapte;SUJ:NP;1
suffisant;SUJ:NP;16
suffisant;SUJ:NP,P-OBJ:VPinf[pour];5
reculé;SUJ:NP;2
policé;SUJ:NP;1
petit;SUJ:NP;115
parlementaire;SUJ:NP;4
drastique;SUJ:NP;4
conséquent;SUJ:NP;3
nominal;SUJ:NP;13
abordable;SUJ:NP;3
exotique;SUJ:NP;1
relationnel;SUJ:NP;1
interférométrique;SUJ:NP;2
inépuisable;SUJ:NP;1
constructeur;SUJ:NP;1
saint;SUJ:NP;2
rentable;SUJ:NP;10
laconique;SUJ:NP;2
transparent;SUJ:NP;2
approfondi;SUJ:NP;1
formel;SUJ:NP;3
antique;SUJ:NP;1
bilatéral;SUJ:NP;10
tenu;SUJ:NP;2
diabolique;SUJ:NP;2
bilingue;SUJ:NP;2
agréable;SUJ:NP;2
compensateur;SUJ:NP;1
ponctuel;SUJ:NP;2
mouvementé;SUJ:NP;1
angoisser;SUJ:NP;1
triste;SUJ:NP;4
triste;SUJ:NP,P-OBJ:PP[pour];1
atlantique;SUJ:NP;2
recommandable;SUJ:NP;1
étudiant;SUJ:NP;1
clandestin;SUJ:NP;2
métallique;SUJ:NP;7
spécifique;SUJ:NP;16
convaincu;SUJ:NP;1
complexe;SUJ:NP;10
intéressé;SUJ:NP;2
corporatiste;SUJ:NP;1
spéculatif;SUJ:NP;11
maigre;SUJ:NP;6
intouché;SUJ:NP;1
existant;SUJ:NP;11
existant;SUJ:NP,P-OBJ:PP[entre];1
indirect;SUJ:NP;5
lourd;SUJ:NP,P-OBJ:VPinf[à];2
lourd;SUJ:NP;27
lourd;SUJ:NP,P-OBJ:PP[pour];1
lourd;SUJ:NP,P-OBJ:PP[de];2
versé;SUJ:NP;1
malheureux;SUJ:NP;7
malheureux;SUJ:NP,P-OBJ:PP[de];1
naturel;SUJ:NP;17
réciproque;SUJ:NP;7
cuisant;SUJ:NP;1
voyant;SUJ:NP;2
privé;SUJ:NP;63
supportable;SUJ:NP;5
flottant;SUJ:NP;1
tumultueux;SUJ:NP;2
vague;SUJ:NP;1
épars;SUJ:NP,P-OBJ:PP[de];1
céréalier;SUJ:NP;4
résidentiel;SUJ:NP;3
inapplicable;SUJ:NP;1
récupérable;SUJ:NP;1
coloré;SUJ:NP;1
discutable;SUJ:NP;1
innovant;SUJ:NP;1
tragique;SUJ:NP;1
lapidaire;SUJ:NP;1
hollywoodien;SUJ:NP;1
ouvrable;SUJ:NP;1
linéaire;SUJ:NP;1
pérenne;SUJ:NP;1
inconscient;SUJ:NP;1
droit;SUJ:NP;1
approximatif;SUJ:NP;2
douanier;SUJ:NP;3
socialiste;SUJ:NP;18
réglé;SUJ:NP;1
savoureux;SUJ:NP;1
éclatant;SUJ:NP;1
nombreuses;SUJ:NP;1
administratif;SUJ:NP;17
démultiplicateur;SUJ:NP;1
humanitaire;SUJ:NP;3
exclusif;SUJ:NP;5
serré;SUJ:NP;1
consolidé;SUJ:NP;4
large;SUJ:NP;28
large;SUJ:NP,P-OBJ:PP[de];1
sophistiqué;SUJ:NP;2
décisif;SUJ:NP;4
pastoral;SUJ:NP;1
concentré;SUJ:NP;1
mensuel;SUJ:NP;24
prévisible;SUJ:NP;4
prévisible;SUJ:NP,P-OBJ:PP[en];1
local;SUJ:NP;37
indéniable;SUJ:NP;2
indéniable;SUJ:SsubI[que];1
recevable;SUJ:NP;1
pénalisant;SUJ:NP;1
inconstant;SUJ:NP;1
friand;SUJ:NP;2
vétuste;SUJ:NP;1
meilleures;SUJ:NP;1
concerné;SUJ:NP;1
sympathique;SUJ:NP;2
malsain;SUJ:NP;2
étanches;SUJ:NP;1
associé;SUJ:NP;4
occasionnel;SUJ:NP;1
problématique;SUJ:NP;3
ivoirien;SUJ:NP;2
magnifique;SUJ:NP;1
adapté;SUJ:NP;3
adapté;SUJ:NP,P-OBJ:PP[à];1
vert;SUJ:NP;8
rapide;SUJ:NP;45
mort;SUJ:NP;6
mort;SUJ:NP,P-OBJ:PP[sous];1
mort;SUJ:NP,P-OBJ:PP[de];1
accessoire;SUJ:NP,P-OBJ:PP[à];1
courtois;SUJ:NP;3
criant;SUJ:NP;1
passager;SUJ:NP;2
réglementaire;SUJ:NP;4
mobile;SUJ:NP;6
beau;SUJ:NP;23
atteint;SUJ:NP;2
partisan;SUJ:NP;2
mûr;SUJ:NP;1
assimilable;SUJ:NP;4
psychologique;SUJ:NP;3
budgétaire;SUJ:NP;23
fluide;SUJ:NP;1
contestable;SUJ:NP;1
raisonnable;SUJ:NP;7
légitime;SUJ:NP;4
compréhensible;SUJ:NP;1
compréhensible;SUJ:SsubS[que];1
mal;SUJ:NP;3
vénérable;SUJ:NP;5
banal;SUJ:NP;6
envisageable;SUJ:NP;1
sud-africain;SUJ:NP;5
perfectionné;SUJ:NP;1
inexpiable;SUJ:NP;2
new-yorkai;SUJ:NP;1
frileux;SUJ:NP;1
clignotant;SUJ:NP;1
calculé;SUJ:NP;2
équitable;SUJ:NP;3
intégré;SUJ:NP;5
titulaire;SUJ:NP;2
titulaire;SUJ:NP,P-OBJ:PP[de];2
parisien;SUJ:NP;20
extravagant;SUJ:NP;1
insouciant;SUJ:NP;1
alarmant;SUJ:NP;1
rêveur;SUJ:NP;1
engagé;SUJ:NP;3
déséquilibré;SUJ:NP;2
civique;SUJ:NP;1
fortuit;SUJ:NP;3
indistinct;SUJ:NP;1
vrai;SUJ:NP;30
vrai;SUJ:SsubI[que];4
vrai;SUJ:Ssub[que],P-OBJ:PP[en];1
périphérique;SUJ:NP;4
vif;SUJ:NP;29
vigilant;SUJ:NP;3
vigilant;SUJ:NP,P-OBJ:PP[sur];1
fondé;SUJ:NP;2
fondé;SUJ:NP,P-OBJ:PP[sur];1
vil;SUJ:NP;2
spatial;SUJ:NP;2
nostalgique;SUJ:NP;2
effréné;SUJ:NP;1
comparatif;SUJ:NP;4
comparatif;SUJ:NP,P-OBJ:PP[avec];1
éteint;SUJ:NP;1
cadet;SUJ:NP;1
massif;SUJ:NP;12
record;SUJ:NP;6
étanche;SUJ:NP;1
épuisé;SUJ:NP;1
fructueux;SUJ:NP;3
gratuit;SUJ:NP;4
primesautier;SUJ:NP;1
grandissant;SUJ:NP;9
sourd;SUJ:NP;3
arlésien;SUJ:NP;1
bienvenu;SUJ:NP;3
apparent;SUJ:NP;5
intégral;SUJ:NP;1
qualitatif;SUJ:NP;5
éphémère;SUJ:NP;5
foncier;SUJ:NP;6
automatisé;SUJ:NP;1
cumulé;SUJ:NP;1
répandu;SUJ:NP;2
téléphonique;SUJ:NP;5
électoraliste;SUJ:NP;1
groggy;SUJ:NP;1
groggy;SUJ:NP,P-OBJ:PP[après];1
alpin;SUJ:NP;2
flash;SUJ:NP;3
naïf;SUJ:NP;2
écrit;SUJ:NP;2
abondant;SUJ:NP;3
imprécis;SUJ:NP;2
désarmé;SUJ:NP;1
laitier;SUJ:NP;1
culturel;SUJ:NP;16
qatari;SUJ:NP;1
loyal;SUJ:NP,P-OBJ:PP[envers];1
loyal;SUJ:NP;1
méchant;SUJ:NP;1
superlatif;SUJ:NP;1
européen;SUJ:NP;198
fondamental;SUJ:NP;9
bâlois;SUJ:NP;1
artisanal;SUJ:NP;4
démocrate;SUJ:NP;5
organique;SUJ:NP;2
contradictoire;SUJ:NP;7
éveillé;SUJ:NP;1
implacable;SUJ:NP;2
centenaire;SUJ:NP;1
exportable;SUJ:NP;1
fougueux;SUJ:NP;1
est;SUJ:NP;1
entier;SUJ:NP;21
tacite;SUJ:NP;1
haussier;SUJ:NP;1
issu;SUJ:NP;2
tranquille;SUJ:NP;6
courageux;SUJ:NP;5
égyptien;SUJ:NP;2
danois;SUJ:NP;29
en voie de développement;SUJ:NP;3
francilien;SUJ:NP;1
automatique;SUJ:NP;8
mauvais;SUJ:NP;53
mauvais;SUJ:NP,P-OBJ:PP[à];1
intérieur;SUJ:NP;8
néerlandais;SUJ:NP;23
vulnérable;SUJ:NP;1
vulnérable;SUJ:NP,P-OBJ:PP[à];1
perturbateur;SUJ:NP;1
bienveillant;SUJ:NP;3
ancien;SUJ:NP;109
ancien;SUJ:NP,P-OBJ:PP[à];1
concerté;SUJ:NP;3
lisible;SUJ:NP;1
provocateur;SUJ:NP;2
laïc;SUJ:NP;2
dudit;SUJ:NP;1
souhaitable;SUJ:NP;6
féodal;SUJ:NP;2
écologiste;SUJ:NP;1
optimiste;SUJ:NP;18
mutualiste;SUJ:NP;1
façonnier;SUJ:NP;1
expansif;SUJ:NP;1
hollandais;SUJ:NP;2
commode;SUJ:NP;1
maritime;SUJ:NP;8
pur et simple;SUJ:NP;1
russe;SUJ:NP;26
papetier;SUJ:NP;5
câblé;SUJ:NP;3
paritaire;SUJ:NP;4
constant;SUJ:NP;13
traumatisant;SUJ:NP;2
aisé;SUJ:NP,P-OBJ:VPinf[à];1
aisé;SUJ:NP;6
étranger;SUJ:NP;96
étranger;SUJ:NP,P-OBJ:PP[à];4
étranges;SUJ:NP;2
mutuel;SUJ:NP;4
controversé;SUJ:NP;2
répétitif;SUJ:NP;2
ample;SUJ:NP;3
indéterminé;SUJ:NP;4
acoustique;SUJ:NP;1
pacifique;SUJ:NP;1
terrestre;SUJ:NP;3
prégnant;SUJ:NP;1
trompeur;SUJ:NP;4
trompeur;SUJ:NP,P-OBJ:PP[pour];1
placé;SUJ:NP;4
breton;SUJ:NP;2
naturiste;SUJ:NP;1
législatif;SUJ:NP;7
optimal;SUJ:NP;1
hétérogène;SUJ:NP;1
mal à l'aise;SUJ:NP,P-OBJ:VPinf[de];1
mal à l'aise;SUJ:NP;1
individuel;SUJ:NP;30
collectif;SUJ:NP;25
chimique;SUJ:NP;5
planétaire;SUJ:NP;3
cessible;SUJ:NP;2
prospère;SUJ:NP;6
bon;SUJ:NP;134
bon;SUJ:NP,P-OBJ:PP[pour];1
meurtrier;SUJ:NP;5
interdit;SUJ:VPinf[de];1
interdit;SUJ:NP,P-OBJ:PP[en];1
fauché;SUJ:NP;1
surveillé;SUJ:NP;1
fondateur;SUJ:NP;2
moindre;SUJ:NP;40
provisoire;SUJ:NP;17
né;SUJ:NP;1
pur;SUJ:NP;7
austral;SUJ:NP;2
résiduel;SUJ:NP;2
aigu;SUJ:NP;2
thématique;SUJ:NP;5
cursif;SUJ:NP;1
probant;SUJ:NP;1
récent;SUJ:NP;46
mousse;SUJ:NP;1
absurde;SUJ:NP;1
absurde;SUJ:VPinf[de];2
révolutionnaire;SUJ:NP;1
prestigieux;SUJ:NP;11
futur;SUJ:NP;35
aquatique;SUJ:NP;1
managérial;SUJ:NP;1
électoral;SUJ:NP;3
éminent;SUJ:NP;2
désinflationnistes;SUJ:NP;1
significatif;SUJ:NP;15
hôtelier;SUJ:NP;5
fier;SUJ:NP,P-OBJ:VPinf[de];2
fier;SUJ:NP,P-OBJ:PP[de];1
content;SUJ:NP,P-OBJ:VPinf[de];2
content;SUJ:NP;1
gros;SUJ:NP;27
gros;SUJ:NP,P-OBJ:PP[en];1
critiquable;SUJ:NP;1
surprenant;SUJ:NP;5
surprenant;SUJ:SsubI[que];1
ambitieux;SUJ:NP;10
inquiet;SUJ:NP;6
inquiet;SUJ:NP,P-OBJ:PP[pour];1
inquiet;SUJ:NP,P-OBJ:PP[de];3
passionnant;SUJ:NP;1
ébahi;SUJ:NP;2
suisse;SUJ:NP;13
promotionnel;SUJ:NP;4
vain;SUJ:NP;2
quelque;SUJ:NP;2
tendu;SUJ:NP;3
aride;SUJ:NP,P-OBJ:PP[pour];1
interventionniste;SUJ:NP;1
serein;SUJ:NP;2
conditionné;SUJ:NP;1
modéré;SUJ:NP;7
réceptif;SUJ:NP;1
anonyme;SUJ:NP;1
découvert;SUJ:NP;1
pareil;SUJ:NP;7
pareil;SUJ:NP,P-OBJ:PP[à];1
quart;SUJ:NP;1
instantané;SUJ:NP;2
affectif;SUJ:NP;2
sismique;SUJ:NP;1
insolvable;SUJ:NP;2
rocheux;SUJ:NP;1
nu;SUJ:NP;1
nu;SUJ:NP,P-OBJ:PP[dans];1
engageant;SUJ:NP;1
complet;SUJ:NP;19
immergé;SUJ:NP;1
singulier;SUJ:NP;1
graisseux;SUJ:NP;1
égal;SUJ:NP,P-OBJ:PP[à];8
égal;SUJ:NP;2
égal;SUJ:NP,P-OBJ:PP[sur];1
égal;SUJ:NP,P-OBJ:PP[devant];1
ardu;SUJ:NP;1
référendaire;SUJ:NP;1
républicain;SUJ:NP;5
menteur;SUJ:NP;1
cru;SUJ:NP;2
rocardien;SUJ:NP;1
canadien;SUJ:NP;19
provençal;SUJ:NP;1
conforme;SUJ:NP,P-OBJ:PP[à];8
conforme;SUJ:NP;1
mieux;SUJ:NP;4
fréquent;SUJ:NP;8
fréquent;SUJ:SsubI[que];1
fréquent;SUJ:SsubS[que];1
ambiant;SUJ:NP;7
high-tech;SUJ:NP;1
époustouflant;SUJ:NP;1
choquant;SUJ:NP;1
impopulaire;SUJ:NP;1
ultramince;SUJ:NP;1
interprofessionnel;SUJ:NP;2
thaïlandais;SUJ:NP;1
à même;SUJ:NP,P-OBJ:VPinf[de];2
saoudien;SUJ:NP;2
propriétaire;SUJ:NP;1
propriétaire;SUJ:NP,P-OBJ:PP[de];1
objectif;SUJ:NP;1
sidérurgique;SUJ:NP;1
insulaire;SUJ:NP;2
gelé;SUJ:NP;1
vivace;SUJ:NP;1
exécrable;SUJ:NP;2
de longue haleine;SUJ:NP;1
gauche;SUJ:NP;1
nord;SUJ:NP;1
logiciel;SUJ:NP;2
militaire;SUJ:NP;23
orgueilleux;SUJ:NP;1
extensif;SUJ:NP;1
resserré;SUJ:NP;1
retraité;SUJ:NP;3
junior;SUJ:NP;2
pédagogique;SUJ:NP;3
intangible;SUJ:NP;2
timide;SUJ:NP;4
personnel;SUJ:NP;12
furtif;SUJ:NP;2
prémonitoire;SUJ:NP;1
aberrant;SUJ:NP;1
insistant;SUJ:NP;1
humain;SUJ:NP;11
gênant;SUJ:NP;2
longue durée;SUJ:NP;1
inviolable;SUJ:NP;1
urbanistique;SUJ:NP;1
étendu;SUJ:NP;1
représentatif;SUJ:NP;4
représentatif;SUJ:NP,P-OBJ:PP[de];3
développé;SUJ:NP;10
loufoque;SUJ:NP;1
allemand;SUJ:NP;173
exagéré;SUJ:NP;1
escarpé;SUJ:NP;1
répressif;SUJ:NP;1
irresponsable;SUJ:NP;3
apaisant;SUJ:NP;1
supposé;SUJ:NP;1
illustré;SUJ:NP;1
éventuel;SUJ:NP;18
exponentiel;SUJ:NP;1
nul;SUJ:NP;7
irréversible;SUJ:NP;4
intercommunal;SUJ:NP;1
insupportable;SUJ:NP;2
insupportable;SUJ:NP,P-OBJ:PP[à];1
historique;SUJ:NP;23
iranien;SUJ:NP;1
pessimiste;SUJ:NP;6
visuel;SUJ:NP;1
pyrénéen;SUJ:NP;1
draconien;SUJ:NP;1
rendu;SUJ:NP,P-OBJ:PP[à];1
tenace;SUJ:NP;1
financier;SUJ:NP;123
charismatique;SUJ:NP;1
inimaginable;SUJ:NP;1
rapproché;SUJ:NP;1
dit;SUJ:NP;3
portuaire;SUJ:NP;7
similaire;SUJ:NP;4
similaire;SUJ:NP,P-OBJ:PP[à];1
dangereux;SUJ:NP,P-OBJ:VPinf[de];1
dangereux;SUJ:NP;16
dangereux;SUJ:NP,P-OBJ:PP[pour];3
invariable;SUJ:NP;1
helvétique;SUJ:NP;3
importateur;SUJ:NP,P-OBJ:PP[de];1
austro-hongrois;SUJ:NP;1
irréductible;SUJ:NP;1
électrique;SUJ:NP;6
spoliatoire;SUJ:NP;1
total;SUJ:NP;51
excédentaire;SUJ:NP,P-OBJ:PP[depuis];1
excédentaire;SUJ:NP;7
excédentaire;SUJ:NP,P-OBJ:PP[de];1
roulant;SUJ:NP;1
physique;SUJ:NP;3
créé;SUJ:NP;2
imposant;SUJ:NP;1
fixé;SUJ:NP,P-OBJ:PP[par];1
désordonné;SUJ:NP;3
tarifaire;SUJ:NP;2
bondé;SUJ:NP;1
orageux;SUJ:NP;1
bénéficiaire;SUJ:NP;8
bénéficiaire;SUJ:NP,P-OBJ:PP[de];2
succursaliste;SUJ:NP;1
hypocrite;SUJ:NP;1
ferreux;SUJ:NP;5
absent;SUJ:NP;2
absent;SUJ:NP,P-OBJ:PP[à];1
absent;SUJ:NP,P-OBJ:PP[de];1
juteux;SUJ:NP;1
superflu;SUJ:NP;1
superflu;SUJ:VPinf[de];1
dévastateur;SUJ:NP;1
persistant;SUJ:NP;7
choisi;SUJ:NP;1
généreux;SUJ:NP;1
tenable;SUJ:NP;1
départemental;SUJ:NP;10
simplifié;SUJ:NP;1
nippon;SUJ:NP;19
civil;SUJ:NP;10
sécurisant;SUJ:NP;3
plain;SUJ:NP;1
durable;SUJ:NP;23
idyllique;SUJ:NP;1
mou;SUJ:NP;2
indifférent;SUJ:NP;4
indifférent;SUJ:NP,P-OBJ:PP[à];1
rémunéré;SUJ:NP;3
autonome;SUJ:NP;7
infini;SUJ:NP;2
certain;SUJ:NP,OBJ:SsubI[que];1
certain;SUJ:NP;44
certain;SUJ:SsubI[que];1
hybride;SUJ:NP;2
déclassé;SUJ:NP;1
additionnel;SUJ:NP;1
insaisissable;SUJ:NP;1
fétiche;SUJ:NP;3
médiocre;SUJ:NP;11
stockeur;SUJ:NP;4
irrépressible;SUJ:NP;1
anarchique;SUJ:NP;4
analytique;SUJ:NP;1
slovaque;SUJ:NP;4
révélateur;SUJ:NP,P-OBJ:PP[de];3
marécageux;SUJ:NP;2
dommageable;SUJ:NP,P-OBJ:PP[à];1
artistique;SUJ:NP;6
mécanique;SUJ:NP;3
exploitable;SUJ:NP;1
monté;SUJ:NP;3
négligeable;SUJ:NP;7
inoxydable;SUJ:NP;1
fixe;SUJ:NP;15
louable;SUJ:NP;3
subventionné;SUJ:NP;1
sauvage;SUJ:NP;6
dissuasif;SUJ:NP;1
dissuasif;SUJ:NP,P-OBJ:PP[de];1
admis;SUJ:NP,P-OBJ:PP[à];2
minimum;SUJ:NP;10
venu;SUJ:NP;1
venu;SUJ:VPinf[de];1
prospectif;SUJ:NP;1
frais;SUJ:NP;10
lucide;SUJ:NP;1
léthargique;SUJ:NP;1
scientifique;SUJ:NP;8
sectaire;SUJ:NP;1
profond;SUJ:NP;20
jetable;SUJ:NP;1
tunisien;SUJ:NP;3
somalien;SUJ:NP;1
adulte;SUJ:NP;3
bleu;SUJ:NP;5
flou;SUJ:NP;4
plusieur;SUJ:NP;3
judicieux;SUJ:NP,P-OBJ:VPinf[de];1
judicieux;SUJ:NP;2
désaffecté;SUJ:NP;1
fragile;SUJ:NP;13
crédible;SUJ:NP;4
national;SUJ:NP;126
défini;SUJ:NP;1
revendicatif;SUJ:NP;1
conseillé;SUJ:NP;1
susceptible;SUJ:NP,P-OBJ:VPinf[de];18
susceptible;SUJ:NP;2
susceptible;SUJ:VPinf[de];1
litigieux;SUJ:NP;1
instable;SUJ:NP;1
nerveux;SUJ:NP;1
inférieur;SUJ:NP,P-OBJ:PP[à];36
inférieur;SUJ:NP;7
inférieur;SUJ:NP,P-OBJ:PP[de];2
savant;SUJ:NP;2
vibrant;SUJ:NP;1
étatique;SUJ:NP;1
luxuriant;SUJ:NP;1
anciens;SUJ:NP;1
irrespectueux;SUJ:NP,P-OBJ:PP[de];1
genevois;SUJ:NP;2
un;SUJ:NP;8
adhérent;SUJ:NP,P-OBJ:PP[de];1
londonien;SUJ:NP;6
bâti;SUJ:NP;1
strict;SUJ:NP;8
herbeux;SUJ:NP;1
trouvé;SUJ:NP;1
bureaucratique;SUJ:NP;3
irisé;SUJ:NP;1
lent;SUJ:NP;10
rude;SUJ:NP;7
indissoluble;SUJ:NP;1
infaillible;SUJ:NP;1
affiché;SUJ:NP;1
autoroutier;SUJ:NP;2
anglo-saxon;SUJ:NP;6
inhérent;SUJ:NP,P-OBJ:PP[à];2
primordial;SUJ:NP;3
quotidien;SUJ:NP;17
inaperçu;SUJ:NP;1
inopérant;SUJ:NP;1
cartésien;SUJ:NP;1
obsédant;SUJ:NP;1
judiciaire;SUJ:NP;7
vertueux;SUJ:NP;3
pesant;SUJ:NP;3
pesant;SUJ:NP,P-OBJ:PP[par];1
bananier;SUJ:NP;2
écologique;SUJ:NP;7
résiduaire;SUJ:NP;1
new-yorkaise;SUJ:NP;1
ultérieur;SUJ:NP;2
alarmiste;SUJ:NP;2
communal;SUJ:NP;2
doré;SUJ:NP;1
lucratif;SUJ:NP;6
lucratif;SUJ:NP,P-OBJ:PP[pour];1
tchèque;SUJ:NP;15
triple;SUJ:NP;5
principal;SUJ:NP;123
expéditif;SUJ:NP;1
intérimaire;SUJ:NP;2
salutaire;SUJ:NP;2
éclairant;SUJ:NP;2
à court terme;SUJ:NP;6
opaque;SUJ:NP;1
permanent;SUJ:NP;25
sombre;SUJ:NP;10
épais;SUJ:NP;1
évident;SUJ:NP;12
mobilier;SUJ:NP;4
communautaires;SUJ:NP;1
afro-asiatique;SUJ:NP;1
inattendu;SUJ:NP;4
homologue;SUJ:NP;2
incompétent;SUJ:NP;1
contigu;SUJ:NP;1
redistributif;SUJ:NP;1
espagnol;SUJ:NP;19
inégal;SUJ:NP;6
géopolitique;SUJ:NP;2
créancier;SUJ:NP;2
créancier;SUJ:NP,P-OBJ:PP[de];4
proche;SUJ:NP;11
proche;SUJ:NP,P-OBJ:PP[de];27
porteur;SUJ:NP;3
porteur;SUJ:NP,P-OBJ:PP[de];2
transporteur;SUJ:NP;1
remboursable;SUJ:NP;3
remboursable;SUJ:NP,P-OBJ:PP[en];1
franco-britannique;SUJ:NP;3
pyramidal;SUJ:NP;1
fou;SUJ:NP;4
fou;SUJ:NP,P-OBJ:PP[de];1
obligé;SUJ:NP;3
avancé;SUJ:NP;1
souterrain;SUJ:NP;3
occupé;SUJ:NP;2
occupé;SUJ:NP,P-OBJ:PP[dans];1
brutal;SUJ:NP;15
brutal;SUJ:NP,P-OBJ:PP[dans];1
préélectoral;SUJ:NP;1
paralysé;SUJ:NP;1
mordant;SUJ:NP;1
important;SUJ:NP,P-OBJ:PP[par];1
important;SUJ:NP;151
important;SUJ:VPinf[de];2
important;SUJ:NP,P-OBJ:PP[pour];1
coupable;SUJ:NP,P-OBJ:VPinf[de];1
coupable;SUJ:NP,P-OBJ:PP[de];1
disparate;SUJ:NP;2
court;SUJ:NP;38
immense;SUJ:NP;6
méthodologique;SUJ:NP;2
norvégien;SUJ:NP;1
respectable;SUJ:NP;1
grandiose;SUJ:NP;1
retentissant;SUJ:NP;1
excellent;SUJ:NP;10
vraisemblable;SUJ:NP;2
classique;SUJ:NP;12
biologique;SUJ:NP;1
rare;SUJ:NP,P-OBJ:VPinf[à];1
rare;SUJ:VPinf[de];1
rare;SUJ:NP,P-OBJ:PP[sur];1
rare;SUJ:NP;19
rare;SUJ:NP,P-OBJ:PP[à];1
rare;SUJ:NP,P-OBJ:PP[loc];1
reproducteur;SUJ:NP,P-OBJ:PP[de];1
préparé;SUJ:NP;1
transatlantique;SUJ:NP;2
irrationnel;SUJ:NP;1
finlandais;SUJ:NP;5
urgent;SUJ:NP;6
urgent;SUJ:SsubI[que];1
édifiant;SUJ:NP;1
correct;SUJ:NP;2
calme;SUJ:NP;6
joli;SUJ:NP;4
irrécupérable;SUJ:NP;1
combiné;SUJ:NP;2
magique;SUJ:NP;2
hermétique;SUJ:NP,P-OBJ:PP[loc];1
traditionaliste;SUJ:NP;1
regrettable;SUJ:NP;2
innombrable;SUJ:NP;2
grand;SUJ:NP,P-OBJ:VPinf[de];2
grand;SUJ:NP;303
grand;SUJ:NP,P-OBJ:PP[en];1
grand;SUJ:NP,P-OBJ:PP[de];2
inlassable;SUJ:NP;1
précédent;SUJ:NP;72
alimentaire;SUJ:NP;10
déficitaire;SUJ:NP;9
déficitaire;SUJ:NP,P-OBJ:PP[en];1
déficitaire;SUJ:NP,P-OBJ:PP[de];4
insensible;SUJ:NP,P-OBJ:PP[à];2
insensible;SUJ:NP;1
arrivé;SUJ:NP;1
amateur;SUJ:NP,P-OBJ:PP[de];1
désert;SUJ:NP;1
jaune;SUJ:NP;4
définitif;SUJ:NP;16
funèbre;SUJ:NP;2
islamique;SUJ:NP;3
culinaire;SUJ:NP;1
confondues;SUJ:NP;1
fatal;SUJ:NP;2
démocratique;SUJ:NP;2
montant;SUJ:NP;1
artificiel;SUJ:NP;2
élastique;SUJ:NP;1
juridique;SUJ:NP;9
franco-italien;SUJ:NP;5
apte;SUJ:NP,P-OBJ:VPinf[à];2
sévère;SUJ:NP;20
correctionnel;SUJ:NP;1
liquide;SUJ:NP;10
occidental;SUJ:NP;19
structurant;SUJ:NP;1
activiste;SUJ:NP;1
sain;SUJ:NP;5
substantiel;SUJ:NP;7
dénommé;SUJ:NP;1
défavorable;SUJ:NP;12
défavorable;SUJ:NP,P-OBJ:PP[à];1
réussi;SUJ:NP;2
jeu;SUJ:NP;2
déprimant;SUJ:NP;1
luxembourgeois;SUJ:NP;6
imposable;SUJ:NP;3
étriqué;SUJ:NP;1
embarrassant;SUJ:NP;1
mince;SUJ:NP;2
sans emploi;SUJ:NP;1
calendaire;SUJ:NP;1
fluvial;SUJ:NP;1
mesuré;SUJ:NP;1
délégué;SUJ:NP;2
préventif;SUJ:NP;3
californien;SUJ:NP;2
privatisable;SUJ:NP;3
honteux;SUJ:NP;1
arabe;SUJ:NP;4
inactif;SUJ:NP;1
chanceux;SUJ:NP;2
zéro;SUJ:NP;3
amical;SUJ:NP;4
libyen;SUJ:NP;2
hyperréaliste;SUJ:NP;1
outragé;SUJ:NP;1
agricole;SUJ:NP;51
soutenable;SUJ:NP;1
désincarné;SUJ:NP;1
catholique;SUJ:NP;2
servile;SUJ:NP;1
attardé;SUJ:NP;1
réformiste;SUJ:NP;1
cubiste;SUJ:NP;1
plein;SUJ:NP;26
plein;SUJ:NP,P-OBJ:PP[de];1
haut;SUJ:NP;38
ad hoc;SUJ:NP;2
exceptionnel;SUJ:NP;31
exceptionnel;SUJ:NP,OBJ:Sint;1
générateur;SUJ:NP,P-OBJ:PP[de];2
rampant;SUJ:NP;1
confortable;SUJ:NP;2
filiforme;SUJ:NP;1
inconfortable;SUJ:NP;1
inconfortable;SUJ:NP,P-OBJ:PP[à];1
multifonctionnel;SUJ:NP;1
prolongé;SUJ:NP;1
socio-culturel;SUJ:NP;1
attenant;SUJ:NP,P-OBJ:PP[à];1
isolé;SUJ:NP;1
isolé;SUJ:NP,P-OBJ:PP[dans];1
isolé;SUJ:NP,P-OBJ:PP[de];1
prisonnier;SUJ:NP,P-OBJ:PP[de];1
limitrophe;SUJ:NP;1
agronomique;SUJ:NP;1
probable;SUJ:NP;17
probable;SUJ:SsubI[que];3
propice;SUJ:NP,P-OBJ:PP[à];6
fertile;SUJ:NP;1
lamentable;SUJ:NP;1
attentif;SUJ:NP;3
attentif;SUJ:NP,P-OBJ:PP[à];1
remuant;SUJ:NP;1
ascendant;SUJ:NP;4
britannique;SUJ:NP;94
directeur;SUJ:NP;2
pittoresque;SUJ:NP;1
antérieur;SUJ:NP;12
antérieur;SUJ:NP,P-OBJ:PP[à];1
inchangé;SUJ:NP;6
troublant;SUJ:NP;2
amputé;SUJ:NP;1
vite;SUJ:NP;4
clé;SUJ:NP;1
audiovisuel;SUJ:NP;6
francophone;SUJ:NP;4
environnant;SUJ:NP;1
novateur;SUJ:NP;1
coutumier;SUJ:NP,P-OBJ:PP[de];2
programmé;SUJ:NP;2
satirique;SUJ:NP;2
populaire;SUJ:NP;7
consommateur;SUJ:NP;4
consommateur;SUJ:NP,P-OBJ:PP[de];1
inapproprié;SUJ:NP;1
policier;SUJ:NP;1
asiatique;SUJ:NP;13
prêté;SUJ:NP,P-OBJ:PP[à];1
antidumping;SUJ:NP;1
réel;SUJ:NP;42
inopiné;SUJ:NP;3
averti;SUJ:NP;2
averti;SUJ:NP,P-OBJ:PP[de];1
congénital;SUJ:NP;1
inaliénable;SUJ:NP;1
curatif;SUJ:NP;1
attractif;SUJ:NP;3
pétrolier;SUJ:NP;29
spectaculaire;SUJ:NP;18
transporté;SUJ:NP;1
désagréable;SUJ:NP;1
subsaharien;SUJ:NP;1
télé;SUJ:NP;1
personnalisé;SUJ:NP;1
ambigu;SUJ:NP;2
tangible;SUJ:NP;1
déprimé;SUJ:NP;6
imprévu;SUJ:NP;1
vertical;SUJ:NP;2
travailliste;SUJ:NP;1
volontaire;SUJ:NP;6
géo-politico-stratégique;SUJ:NP;1
graphique;SUJ:NP;2
harassant;SUJ:NP;1
lavé;SUJ:NP;1
français;SUJ:NP;404
séculaire;SUJ:NP;2
colombien;SUJ:NP;2
est-allemand;SUJ:NP;1
marqué;SUJ:NP;3
marqué;SUJ:NP,P-OBJ:PP[de];1
démographique;SUJ:NP;6
négligent;SUJ:NP;1
radieux;SUJ:NP;1
contraignant;SUJ:NP;6
nanti;SUJ:NP;1
nanti;SUJ:NP,P-OBJ:PP[de];1
outrancier;SUJ:NP;1
socio-professionnel;SUJ:NP;1
renouvelable;SUJ:NP;3
enfumé;SUJ:NP;1
enclin;SUJ:NP,P-OBJ:VPinf[à];2
enclin;SUJ:NP;1
précis;SUJ:NP;22
primaire;SUJ:NP;1
rousseauiste;SUJ:NP;1
médian;SUJ:NP;1
tatillon;SUJ:NP;1
utilisable;SUJ:NP;1
social-démocrate;SUJ:NP;3
à venir;SUJ:NP;7
civilisé;SUJ:NP;2
seul;SUJ:NP,P-OBJ:VPinf[à];1
seul;SUJ:NP;114
seul;SUJ:NP,P-OBJ:PP[à];1
inacceptable;SUJ:NP;8
synonyme;SUJ:NP,P-OBJ:PP[de];3
ordinaire;SUJ:NP;5
progressiste;SUJ:NP;1
flexible;SUJ:NP;6
creux;SUJ:NP;1
neuf;SUJ:NP;7
apathique;SUJ:NP;2
sceptique;SUJ:NP;4
forcé;SUJ:NP;1
hypothécaire;SUJ:NP;1
fidèle;SUJ:NP;7
fidèle;SUJ:NP,P-OBJ:PP[à];3
microéconomique;SUJ:NP;1
métallurgique;SUJ:NP;2
compétent;SUJ:NP;6
compétent;SUJ:NP,P-OBJ:PP[dans];1
maximal;SUJ:NP;7
didactique;SUJ:NP;1
anglais;SUJ:NP;13
préliminaire;SUJ:NP;3
opportun;SUJ:NP;1
télévisuel;SUJ:NP;3
balbutiant;SUJ:NP;1
autorisé;SUJ:NP;1
fracassant;SUJ:NP;1
profitable;SUJ:NP,P-OBJ:PP[pour];1
picard;SUJ:NP;2
subalterne;SUJ:NP;1
charbonnier;SUJ:NP;3
inclus;SUJ:NP;1
infinitésimal;SUJ:NP;1
qualifié;SUJ:NP;21
prêt;SUJ:NP,P-OBJ:VPinf[à];21
prêt;SUJ:VPinf[à];1
prêt;SUJ:NP;5
prêt;SUJ:NP,P-OBJ:PP[à];3
imprévisible;SUJ:NP;5
factice;SUJ:NP;1
vénézuélien;SUJ:NP;1
délibéré;SUJ:NP;3
polytechnique;SUJ:NP;1
casanier;SUJ:NP;1
sourcilleux;SUJ:NP;1
improbable;SUJ:NP;3
alternatif;SUJ:NP;4
indonésien;SUJ:NP;1
limpide;SUJ:NP;1
cardiaque;SUJ:NP;2
observable;SUJ:NP;1
authentique;SUJ:NP;1
opérationnel;SUJ:NP;12
énergétique;SUJ:NP;6
sélectif;SUJ:NP;4
latent;SUJ:NP;2
courant;SUJ:NP;12
courant;SUJ:NP,P-OBJ:PP[en];1
perceptible;SUJ:NP;3
méprisant;SUJ:NP;1
moyen;SUJ:NP;68
moyen;SUJ:NP,P-OBJ:PP[par];1
chargé;SUJ:NP;1
chargé;SUJ:NP,P-OBJ:PP[de];1
anachronique;SUJ:NP;3
suprême;SUJ:NP;1
ibérique;SUJ:NP;3
redoutable;SUJ:NP;6
africain;SUJ:NP;4
monstrueux;SUJ:NP;2
élémentaire;SUJ:NP;1
honnête;SUJ:NP;1
différé;SUJ:NP;1
raisonné;SUJ:NP;1
suédois;SUJ:NP;9
matérialiste;SUJ:NP;1
pair;SUJ:NP;1
transalpin;SUJ:NP;3
provincial;SUJ:NP;2
impressionnant;SUJ:NP;7
impressionnant;SUJ:NP,P-OBJ:PP[par];1
applicable;SUJ:NP;4
applicable;SUJ:NP,P-OBJ:PP[à];3
applicable;SUJ:NP,P-OBJ:PP[sur];1
applicable;SUJ:NP,P-OBJ:PP[pour];1
géant;SUJ:NP;7
concessionnaire;SUJ:NP,P-OBJ:PP[de];1
prochain;SUJ:NP;123
hindou;SUJ:NP;1
ratatiné;SUJ:NP;1
analogique;SUJ:NP;1
honorable;SUJ:NP;5
indu;SUJ:NP;1
maîtrisable;SUJ:NP;2
yougoslave;SUJ:NP;2
long terme;SUJ:NP;1
sérieux;SUJ:NP;36
juste;SUJ:NP;10
bienfaisant;SUJ:NP;1
curieux;SUJ:NP;6
mémorable;SUJ:NP;1
pénal;SUJ:NP;3
marié;SUJ:NP;1
menacé;SUJ:NP;2
marseillais;SUJ:NP;5
convertible;SUJ:NP;3
convertible;SUJ:NP,P-OBJ:PP[en];2
régulateur;SUJ:NP;1
concis;SUJ:NP;1
inextricable;SUJ:NP;1
formé;SUJ:NP;1
formé;SUJ:NP,P-OBJ:PP[à];1
barbare;SUJ:NP;1
technico-économique;SUJ:NP;1
remarqué;SUJ:NP;2
membre;SUJ:NP;6
continental;SUJ:NP;6
unifié;SUJ:NP;1
passionné;SUJ:NP;2
jaloux;SUJ:NP;1
invisible;SUJ:NP;4
colonial;SUJ:NP;1
rustique;SUJ:NP;1
formidable;SUJ:NP;12
chronique;SUJ:NP;2
carré;SUJ:NP;3
franco-français;SUJ:NP;2
moral;SUJ:NP;10
expatrié;SUJ:NP;1
pluriannuel;SUJ:NP;4
aggravant;SUJ:NP;1
inca;SUJ:NP;1
comparable;SUJ:NP,P-OBJ:PP[à];4
comparable;SUJ:NP;3
napoléonien;SUJ:NP;1
indépassable;SUJ:NP;1
mobilisable;SUJ:NP;2
québécois;SUJ:NP;1
traditionnel;SUJ:NP;32
traditionnel;SUJ:NP,P-OBJ:PP[à];1
incapable;SUJ:NP,P-OBJ:VPinf[de];9
soudain;SUJ:NP;3
efficace;SUJ:NP,P-OBJ:VPinf[à];1
efficace;SUJ:NP;20
tertiaire;SUJ:NP;4
de pointe;SUJ:NP;2
constitutif;SUJ:NP;1
constitutif;SUJ:NP,P-OBJ:PP[de];2
disponible;SUJ:NP;21
disponible;SUJ:NP,P-OBJ:PP[sur];1
pêcheur;SUJ:NP;1
ferroviaire;SUJ:NP;2
régional;SUJ:NP;44
inconsidéré;SUJ:NP;1
transversal;SUJ:NP;2
touristique;SUJ:NP;8
implicite;SUJ:NP;1
new-yorkais;SUJ:NP;1
laxiste;SUJ:NP;1
irlandais;SUJ:NP;4
gagnant;SUJ:NP;1
adressé;SUJ:NP;1
envahissant;SUJ:NP;2
hasardeux;SUJ:NP;3
dégressif;SUJ:NP;4
est-européen;SUJ:NP;1
toulousain;SUJ:NP;1
prétendu;SUJ:NP;8
conservateur;SUJ:NP;3
équivalent;SUJ:NP;7
équivalent;SUJ:NP,P-OBJ:PP[à];3
exigeant;SUJ:NP;5
périodique;SUJ:NP;2
pélagique;SUJ:NP;1
conventionnel;SUJ:NP;6
hardi;SUJ:NP;1
élevé;SUJ:NP,P-OBJ:PP[à];1
élevé;SUJ:NP;72
élevé;SUJ:NP,P-OBJ:PP[loc];1
élevé;SUJ:NP,P-OBJ:PP[en];2
élevé;SUJ:NP,P-OBJ:PP[pour];1
disproportionné;SUJ:NP;2
méridional;SUJ:NP;4
déterminant;SUJ:NP;4
déterminant;SUJ:NP,P-OBJ:PP[pour];1
inquiétant;SUJ:NP;12
court terme;SUJ:NP;4
fâcheux;SUJ:NP;2
fâcheux;SUJ:VPinf[de];1
négatif;SUJ:NP;23
négatif;SUJ:NP,P-OBJ:PP[de];2
onéreux;SUJ:NP;5
libératoire;SUJ:NP;1
inéluctable;SUJ:NP;8
encourageant;SUJ:NP;5
encourageant;SUJ:NP,P-OBJ:PP[pour];1
universitaire;SUJ:NP;3
maison;SUJ:NP;1
puissant;SUJ:NP;22
immuable;SUJ:NP;2
potentiel;SUJ:NP;18
ravi;SUJ:NP;1
parfait;SUJ:NP;3
tchécoslovaque;SUJ:NP;5
anglo-américain;SUJ:NP;1
ouvert;SUJ:NP;9
voyageur;SUJ:NP;1
externe;SUJ:NP;2
simultané;SUJ:NP;2
généraliste;SUJ:NP;10
discriminant;SUJ:NP;1
plausible;SUJ:NP;4
inachevé;SUJ:NP;1
ouest-allemand;SUJ:NP;1
scandaleux;SUJ:NP;1
scandaleux;SUJ:SsubS[que];2
forfaitaire;SUJ:NP;5
intersyndical;SUJ:NP;3
chose;SUJ:NP;2
opportuniste;SUJ:NP;1
blanc;SUJ:NP;4
tripartite;SUJ:NP;1
global;SUJ:NP;39
majuscule;SUJ:NP;1
successif;SUJ:NP;23
encombrant;SUJ:NP;3
postal;SUJ:NP;4
végétarien;SUJ:NP;1
vivant;SUJ:NP;3
payant;SUJ:NP;3
raccordable;SUJ:NP;1
catégoriel;SUJ:NP;1
hebdomadaire;SUJ:NP;8
prudent;SUJ:NP;15
prudent;SUJ:VPinf[de];1
démesuré;SUJ:NP;1
mirifique;SUJ:NP,P-OBJ:PP[pour];1
impénétrable;SUJ:NP;2
créateur;SUJ:NP;2
créateur;SUJ:NP,P-OBJ:PP[à],P-OBJ:VPinf[sans];1
créateur;SUJ:NP,P-OBJ:PP[de];1
anglo-néerlandais;SUJ:NP;3
ironique;SUJ:NP;1
réversible;SUJ:NP;1
amiable;SUJ:NP;1
anticoncurrentiel;SUJ:NP;1
nécessaire;SUJ:NP,P-OBJ:VPinf[pour];9
nécessaire;SUJ:VPinf[de];3
nécessaire;SUJ:NP,P-OBJ:PP[pour];2
nécessaire;SUJ:NP,P-OBJ:VPinf[de];2
nécessaire;SUJ:NP;38
nécessaire;SUJ:NP,P-OBJ:PP[à];14
outre-Atlantique;SUJ:NP;1
inéquitable;SUJ:NP;2
pauvre;SUJ:NP;16
présidentiel;SUJ:NP;4
incivique;SUJ:NP;2
viable;SUJ:NP;2
allié;SUJ:NP;2
comparé;SUJ:NP;1
comparé;SUJ:NP,P-OBJ:PP[à];1
frauduleux;SUJ:NP;2
libre;SUJ:NP,P-OBJ:VPinf[de];1
libre;SUJ:NP;19
libre;SUJ:NP,P-OBJ:PP[de];1
prioritaire;SUJ:NP;14
monumental;SUJ:NP;2
visible;SUJ:NP;2
fromager;SUJ:NP;2
chrétien;SUJ:NP;2
inadapté;SUJ:NP;2
habitable;SUJ:NP;1
responsable;SUJ:NP;16
responsable;SUJ:NP,P-OBJ:PP[de];11
géologique;SUJ:NP;1
diplômé;SUJ:NP;2
salarié;SUJ:NP;10
cruel;SUJ:NP;2
usuel;SUJ:NP;1
usuel;SUJ:NP,P-OBJ:PP[chez];1
mirobolant;SUJ:NP;2
infantile;SUJ:NP;1
performant;SUJ:NP;10
rhodanien;SUJ:NP;2
mensonger;SUJ:NP;2
malhonnête;SUJ:NP;2
relatif;SUJ:NP;16
relatif;SUJ:NP,P-OBJ:PP[à];11
atomiser;SUJ:NP;1
prodigieux;SUJ:NP;2
symbolique;SUJ:NP;9
déconcertant;SUJ:NP;1
déconcertant;SUJ:VPinf[de];1
méditerranéen;SUJ:NP;2
chic;SUJ:NP;2
alambiqué;SUJ:NP;1
nordique;SUJ:NP;2
minimaliste;SUJ:NP;1
impénitent;SUJ:NP;1
impayé;SUJ:NP;2
macroéconomique;SUJ:NP;2
vinicole;SUJ:NP;1
défunt;SUJ:NP;3
exact;SUJ:NP;5
exact;SUJ:VPinf[de];1
supplémentaire;SUJ:NP;54
étouffant;SUJ:NP;1
diplomatique;SUJ:NP;4
paysan;SUJ:NP;14
observateur;SUJ:NP;1
textile;SUJ:NP;6
incontesté;SUJ:NP;2
captif;SUJ:NP;1
iconoclaste;SUJ:NP;3
justifié;SUJ:NP;1
posé;SUJ:NP;1
structuré;SUJ:NP;1
cyclique;SUJ:NP;5
hexagonal;SUJ:NP;5
élitiste;SUJ:NP;3
électronique;SUJ:NP;9
latino-américain;SUJ:NP;1
sportif;SUJ:NP;8
perdu;SUJ:NP;5
distancier;SUJ:NP;1
contractuel;SUJ:NP;8
orthodoxe;SUJ:NP;3
circonspect;SUJ:NP;2
kazakh;SUJ:NP;1
bordelais;SUJ:NP;2
quantitatif;SUJ:NP;2
superficiel;SUJ:NP;1
télévisé;SUJ:NP;8
périlleux;SUJ:NP;3
espion;SUJ:NP;1
désespérant;SUJ:NP;1
indivisible;SUJ:NP;1
mortel;SUJ:NP;2
accessible;SUJ:NP;2
accessible;SUJ:NP,P-OBJ:PP[à];2
accessible;SUJ:NP,P-OBJ:PP[en];1
adolescent;SUJ:NP;1
sûr;SUJ:NP,P-OBJ:VPinf[de];1
sûr;SUJ:NP;4
sûr;SUJ:SsubI[que];1
sûr;SUJ:NP,P-OBJ:PP[de];2
donné;SUJ:NP;2
néfaste;SUJ:NP;3
souverain;SUJ:NP;2
couvert;SUJ:NP;1
catastrophique;SUJ:NP,P-OBJ:PP[depuis];1
catastrophique;SUJ:NP;5
catastrophique;SUJ:NP,P-OBJ:PP[pour];2
capitalistique;SUJ:NP;1
lointain;SUJ:NP;5
ficelé;SUJ:NP;1
intenable;SUJ:NP;1
insensé;SUJ:NP;1
extérieur;SUJ:NP;34
extérieur;SUJ:NP,P-OBJ:PP[à];1
subtil;SUJ:NP;3
réformateur;SUJ:NP;1
grincheux;SUJ:NP;1
meilleur;SUJ:NP;72
meilleur;SUJ:NP,OBJ:Ssub[que];2
professionnel;SUJ:NP;40
incantatoire;SUJ:NP;1
incontestable;SUJ:NP;1
bien;SUJ:NP;3
informel;SUJ:NP;1
confédéral;SUJ:NP;3
fort;SUJ:NP;143
fort;SUJ:NP,P-OBJ:PP[en];1
fort;SUJ:NP,P-OBJ:PP[loc];1
fort;SUJ:NP,P-OBJ:PP[de];7
cinématographique;SUJ:NP;2
aéronautique;SUJ:NP;7
maghrébin;SUJ:NP;1
consulaire;SUJ:NP;1
intime;SUJ:NP;1
logique;SUJ:NP;6
logique;SUJ:SsubS[que];1
initiatique;SUJ:NP;1
étonnant;SUJ:NP;10
koweïtien;SUJ:NP;2
agité;SUJ:NP;3
précieux;SUJ:NP;5
contraventionnel;SUJ:NP;1
municipal;SUJ:NP;1
matériel;SUJ:NP;1
agro-industriel;SUJ:NP;1
excessif;SUJ:NP;12
essentiel;SUJ:NP;19
différent;SUJ:NP;58
différent;SUJ:NP,P-OBJ:PP[de];3
ministériel;SUJ:NP;2
écrasant;SUJ:NP;4
concurrent;SUJ:NP;9
international;SUJ:NP;114
divergent;SUJ:NP;1
divergent;SUJ:NP,P-OBJ:PP[selon];1
dramatique;SUJ:NP;9
convaincant;SUJ:NP;1
confiant;SUJ:NP;6
confiant;SUJ:NP,P-OBJ:PP[dans];1
notable;SUJ:NP;11
rival;SUJ:NP;1
décourageant;SUJ:NP;2
solitaire;SUJ:NP;1
bizarre;SUJ:NP;1
unanime;SUJ:NP;1
verbal;SUJ:NP;1
stable;SUJ:NP;28
contingent;SUJ:NP;1
musical;SUJ:NP;2
soigneux;SUJ:NP;1
attrayant;SUJ:NP;3
anémié;SUJ:NP;1
acquérir;SUJ:NP;2
gris;SUJ:NP;2
garni;SUJ:NP;1
élégant;SUJ:NP;1
inné;SUJ:NP;1
hégémonique;SUJ:NP;1
incohérent;SUJ:NP;1
pilote;SUJ:NP;2
boulimique;SUJ:NP;1
tel;SUJ:NP,OBJ:SsubI[que];7
tel;SUJ:NP;98
tel;SUJ:NP,OBJ:Ssub[que];10
incontrôlable;SUJ:NP;1
convivial;SUJ:NP;3
nucléaire;SUJ:NP;3
exsangue;SUJ:NP;3
détaché;SUJ:NP;1
sempiternel;SUJ:NP;1
faste;SUJ:NP;4
prononcé;SUJ:NP;2
régulier;SUJ:NP;9
sortant;SUJ:NP;7
sortant;SUJ:NP,P-OBJ:PP[de];1
saharien;SUJ:NP;1
désireux;SUJ:NP,P-OBJ:VPinf[de];7
désireux;SUJ:VPinf[de];1
harmonieux;SUJ:NP;1
indigène;SUJ:NP;1
nul et non avenu;SUJ:NP;1
montable;SUJ:NP;1
décroissant;SUJ:NP;1
incitatif;SUJ:NP;1
australien;SUJ:NP;3
libérien;SUJ:NP;1
continu;SUJ:NP;8
imparfait;SUJ:NP;4
vendéen;SUJ:NP;1
garanti;SUJ:NP;2
majeur;SUJ:NP;33
contagieux;SUJ:NP;1
périgourdin;SUJ:NP;2
intelligible;SUJ:NP;1
centriste;SUJ:NP;1
inouï;SUJ:NP;1
écolo;SUJ:NP;1
nord-américaines;SUJ:NP;1
médical;SUJ:NP;3
pertinent;SUJ:NP;3
pertinent;SUJ:VPinf[de];1
naval;SUJ:NP;1
optique;SUJ:NP;2
intensif;SUJ:NP;4
accéléré;SUJ:NP;1
paralysant;SUJ:NP;2
standard;SUJ:NP;1
cité;SUJ:NP;2
célèbre;SUJ:NP;13
célèbre;SUJ:NP,P-OBJ:PP[pour];1
politique;SUJ:NP;74
insuffisant;SUJ:NP;17
insuffisant;SUJ:NP,P-OBJ:VPinf[pour];5
analysable;SUJ:NP;1
due;SUJ:NP;1
belge;SUJ:NP;9
accentué;SUJ:NP;2
bref;SUJ:NP;6
satisfait;SUJ:NP;2
satisfait;SUJ:NP,P-OBJ:PP[de];2
nigérian;SUJ:NP;3
balnéaire;SUJ:NP;4
germanique;SUJ:NP;5
productif;SUJ:NP;11
impitoyable;SUJ:NP;3
spontané;SUJ:NP;4
permissif;SUJ:NP;1
constitutionnel;SUJ:NP;3
favorable;SUJ:NP;17
favorable;SUJ:NP,P-OBJ:PP[à];14
fatidique;SUJ:NP;5
horloger;SUJ:NP;1
fermé;SUJ:NP;7
fermé;SUJ:NP,P-OBJ:PP[à];1
disparu;SUJ:NP;1
ukrainien;SUJ:NP;9
équilibré;SUJ:NP;4
correspondant;SUJ:NP;6
déloyal;SUJ:NP;4
mâle;SUJ:NP;2
étrange;SUJ:NP;2
rigoureux;SUJ:NP;8
monopoliste;SUJ:NP;1
propre;SUJ:NP,P-OBJ:VPinf[à];2
propre;SUJ:NP;49
propre;SUJ:NP,P-OBJ:PP[à];8
géographique;SUJ:NP;2
assisté;SUJ:NP;1
assisté;SUJ:NP,P-OBJ:PP[par];1
défensif;SUJ:NP;1
marginal;SUJ:NP;2
rocailleux;SUJ:NP;1
numérique;SUJ:NP;2
dégradé;SUJ:NP;1
concerter;SUJ:NP;1
patronal;SUJ:NP;16
producteur;SUJ:NP;10
producteur;SUJ:NP,P-OBJ:PP[de];2
sis;SUJ:NP,P-OBJ:PP[à];1
interministériel;SUJ:NP;7
industriel;SUJ:NP;83
irakien;SUJ:NP;3
tiers;SUJ:NP;2
noble;SUJ:NP;2
solvable;SUJ:NP;2
extraordinaire;SUJ:NP;18
atypique;SUJ:NP;3
préalable;SUJ:NP;3
officiel;SUJ:NP;32
délicat;SUJ:NP;18
i;SUJ:NP;2
unique;SUJ:NP;21
unique;SUJ:NP,P-OBJ:PP[en];1
musulman;SUJ:NP;1
protectionniste;SUJ:NP;7
teigneux;SUJ:NP;1
fait;SUJ:NP;2
illégal;SUJ:NP;1
économique;SUJ:NP;207
fortuné;SUJ:NP;2
scrupuleux;SUJ:NP;1
exécutif;SUJ:NP;1
multiplicateur;SUJ:NP;1
dominical;SUJ:NP;4
enviable;SUJ:NP;3
complémentaire;SUJ:NP;19
institutionnel;SUJ:NP;3
astucieux;SUJ:NP;1
grave;SUJ:NP;26
grave;SUJ:NP,P-OBJ:PP[pour];1
grave;SUJ:NP,P-OBJ:PP[en];1
dur;SUJ:NP;17
surnuméraire;SUJ:NP;1
travailleur;SUJ:NP;1
rénal;SUJ:NP;1
secret;SUJ:NP;6
exportateur;SUJ:NP;2
originel;SUJ:NP;1
vide;SUJ:NP;4
inefficace;SUJ:NP;1
raffiné;SUJ:NP;1
obscène;SUJ:NP;1
abusif;SUJ:NP;5
hongrois;SUJ:NP;11
distant;SUJ:NP,P-OBJ:PP[de];1
sensible;SUJ:NP;33
sensible;SUJ:NP,P-OBJ:PP[à];10
détaillé;SUJ:NP;1
spécialiste;SUJ:NP;1
spécialiste;SUJ:NP,P-OBJ:PP[en];1
spécialiste;SUJ:NP,P-OBJ:PP[de];2
décevant;SUJ:NP;3
animé;SUJ:NP;1
contributif;SUJ:NP;1
aléatoire;SUJ:NP;10
systématique;SUJ:NP;12
vocal;SUJ:NP;1
public;SUJ:NP;127
ridicule;SUJ:NP;1
ferme;SUJ:NP;7
ferme;SUJ:NP,P-OBJ:PP[dans];1
ferme;SUJ:NP,P-OBJ:PP[vis-à-vis de];1
réaliste;SUJ:NP;5
limité;SUJ:NP;14
limité;SUJ:NP,P-OBJ:PP[de];1
intense;SUJ:NP;4
inverse;SUJ:NP;9
inverse;SUJ:NP,P-OBJ:PP[de];1
incertain;SUJ:NP;8
allergique;SUJ:NP,P-OBJ:PP[à];2
particulier;SUJ:NP;31
particulier;SUJ:NP,P-OBJ:PP[en];1
longue;SUJ:NP;1
noir;SUJ:NP;13
40;SUJ:NP;1
nutritif;SUJ:NP;1
lancinant;SUJ:NP;2
livrable;SUJ:NP,P-OBJ:PP[sur];1
léger;SUJ:NP;35
imaginatif;SUJ:NP;1
argentin;SUJ:NP;3
sale;SUJ:NP;2
avant;SUJ:NP;1
feu;SUJ:NP;2
